T,RH,grid_emission_factor,E_tot,E_el,E_th,CO2_Out,Point
-20.0,5.0,0.0,0.0,0.0,0.0,0.0,1
-20.0,5.0,0.0,94.8561,19.1758,75.6803,94.7687,2
-20.0,20.0,0.0,0.0,0.0,0.0,0.0,1
-20.0,20.0,0.0,45.1309,9.2637,35.8672,218.8055,2
-20.0,40.0,0.0,0.0,0.0,0.0,0.0,1
-20.0,40.0,0.0,33.837,6.8912,26.9458,311.5293,2
-20.0,60.0,0.0,0.0,0.0,0.0,0.0,1
-20.0,60.0,0.0,30.084,5.9976,24.0864,369.6794,2
-20.0,80.0,0.0,0.0,0.0,0.0,0.0,1
-20.0,80.0,0.0,28.3784,5.5304,22.848,409.0457,2
-20.0,100.0,0.0,0.0,0.0,0.0,0.0,1
-20.0,100.0,0.0,27.6867,5.1801,22.5065,433.0506,2
-10.0,5.0,0.0,0.0,0.0,0.0,0.0,1
-10.0,5.0,0.0,55.531,11.8766,43.6543,177.8653,2
-10.0,20.0,0.0,0.0,0.0,0.0,0.0,1
-10.0,20.0,0.0,32.8692,7.1488,25.7204,322.7729,2
-10.0,40.0,0.0,0.0,0.0,0.0,0.0,1
-10.0,40.0,0.0,27.4375,5.93,21.5075,405.2598,2
-10.0,60.0,0.0,0.0,0.0,0.0,0.0,1
-10.0,60.0,0.0,26.5969,5.5081,21.0887,451.2106,2
-10.0,80.0,0.0,0.0,0.0,0.0,0.0,1
-10.0,80.0,0.0,26.668,5.2358,21.4322,480.5721,2
-10.0,100.0,0.0,0.0,0.0,0.0,0.0,1
-10.0,100.0,0.0,27.9131,5.0624,22.8508,499.1488,2
0.0,5.0,0.0,0.0,0.0,0.0,0.0,1
0.0,5.0,0.0,38.5923,9.4316,29.1607,255.5588,2
0.0,20.0,0.0,0.0,0.0,0.0,0.0,1
0.0,20.0,0.0,25.6206,4.8247,20.7958,386.7495,2
0.0,40.0,0.0,0.0,0.0,0.0,0.0,1
0.0,40.0,0.0,23.484,4.5952,18.8888,451.8829,2
0.0,60.0,0.0,0.0,0.0,0.0,0.0,1
0.0,60.0,0.0,24.6782,5.5569,19.1213,488.8999,2
0.0,80.0,0.0,0.0,0.0,0.0,0.0,1
0.0,80.0,0.0,24.3016,5.0374,19.2642,503.0415,2
0.0,100.0,0.0,0.0,0.0,0.0,0.0,1
0.0,100.0,0.0,28.4039,4.816,23.5879,499.6507,2
10.0,5.0,0.0,0.0,0.0,0.0,0.0,1
10.0,5.0,0.0,32.8131,8.9903,23.8228,302.2129,2
10.0,20.0,0.0,0.0,0.0,0.0,0.0,1
10.0,20.0,0.0,24.9314,6.7985,18.1329,415.5599,2
10.0,40.0,0.0,0.0,0.0,0.0,0.0,1
10.0,40.0,0.0,23.3209,6.2641,17.0568,468.2883,2
10.0,60.0,0.0,0.0,0.0,0.0,0.0,1
10.0,60.0,0.0,23.7135,5.8531,17.8603,496.5142,2
10.0,80.0,0.0,0.0,0.0,0.0,0.0,1
10.0,80.0,0.0,24.3162,5.4182,18.898,496.6281,2
10.0,100.0,0.0,0.0,0.0,0.0,0.0,1
10.0,100.0,0.0,26.4636,5.0998,21.3638,487.2534,2
20.0,5.0,0.0,0.0,0.0,0.0,0.0,1
20.0,5.0,0.0,29.2858,9.2272,20.0587,324.5588,2
20.0,20.0,0.0,0.0,0.0,0.0,0.0,1
20.0,20.0,0.0,24.1953,7.3133,16.8821,421.4176,2
20.0,40.0,0.0,0.0,0.0,0.0,0.0,1
20.0,40.0,0.0,23.3609,6.8759,16.485,467.7127,2
20.0,60.0,0.0,0.0,0.0,0.0,0.0,1
20.0,60.0,0.0,22.6056,6.2283,16.3773,486.1119,2
20.0,80.0,0.0,0.0,0.0,0.0,0.0,1
20.0,80.0,0.0,23.5903,6.0633,17.527,483.1304,2
20.0,100.0,0.0,0.0,0.0,0.0,0.0,1
20.0,100.0,0.0,25.9029,5.6386,20.2643,468.0745,2
30.0,5.0,0.0,0.0,0.0,0.0,0.0,1
30.0,5.0,0.0,28.0861,10.0132,18.0729,325.3521,2
30.0,20.0,0.0,0.0,0.0,0.0,0.0,1
30.0,20.0,0.0,23.0537,8.0552,14.9985,410.952,2
30.0,40.0,0.0,0.0,0.0,0.0,0.0,1
30.0,40.0,0.0,22.7591,7.6799,15.0792,453.2755,2
30.0,60.0,0.0,0.0,0.0,0.0,0.0,1
30.0,60.0,0.0,21.7781,6.7237,15.0544,464.8947,2
30.0,80.0,0.0,0.0,0.0,0.0,0.0,1
30.0,80.0,0.0,20.9939,4.2729,16.721,460.3739,2
30.0,100.0,0.0,0.0,0.0,0.0,0.0,1
30.0,100.0,0.0,26.9626,6.2092,20.7534,450.5114,2
40.0,5.0,0.0,0.0,0.0,0.0,0.0,1
40.0,5.0,0.0,28.3292,11.3926,16.9366,307.2806,2
40.0,20.0,0.0,0.0,0.0,0.0,0.0,1
40.0,20.0,0.0,23.3713,8.6616,14.7096,384.1619,2
40.0,40.0,0.0,0.0,0.0,0.0,0.0,1
40.0,40.0,0.0,22.5414,8.6061,13.9353,422.8568,2
40.0,60.0,0.0,0.0,0.0,0.0,0.0,1
40.0,60.0,0.0,22.8973,7.7292,15.1681,433.4026,2
40.0,80.0,0.0,0.0,0.0,0.0,0.0,1
40.0,80.0,0.0,24.0881,7.3219,16.7663,434.3153,2
40.0,100.0,0.0,0.0,0.0,0.0,0.0,1
40.0,100.0,0.0,26.7752,6.106,20.6692,424.0832,2
-20.0,5.0,0.01,0.0,0.0,0.0,0.0,1
-20.0,5.0,0.01,74.6583,9.9898,64.6685,91.9028,2
-20.0,20.0,0.01,0.0,0.0,0.0,0.0,1
-20.0,20.0,0.01,42.1454,9.1214,33.024,217.8674,2
-20.0,40.0,0.01,0.0,0.0,0.0,0.0,1
-20.0,40.0,0.01,32.6832,6.8523,25.8309,311.251,2
-20.0,60.0,0.01,0.0,0.0,0.0,0.0,1
-20.0,60.0,0.01,28.2647,6.0305,22.2342,368.625,2
-20.0,80.0,0.01,0.0,0.0,0.0,0.0,1
-20.0,80.0,0.01,27.7344,5.5153,22.2191,408.7962,2
-20.0,100.0,0.01,0.0,0.0,0.0,0.0,1
-20.0,100.0,0.01,27.3785,5.183,22.1955,432.0868,2
-10.0,5.0,0.01,0.0,0.0,0.0,0.0,1
-10.0,5.0,0.01,46.7587,7.6798,39.079,175.7478,2
-10.0,20.0,0.01,0.0,0.0,0.0,0.0,1
-10.0,20.0,0.01,31.4098,7.072,24.3378,322.1621,2
-10.0,40.0,0.01,0.0,0.0,0.0,0.0,1
-10.0,40.0,0.01,27.0587,5.9469,21.1118,405.0553,2
-10.0,60.0,0.01,0.0,0.0,0.0,0.0,1
-10.0,60.0,0.01,25.9441,5.4906,20.4535,450.9801,2
-10.0,80.0,0.01,0.0,0.0,0.0,0.0,1
-10.0,80.0,0.01,26.1272,5.2318,20.8954,480.3118,2
-10.0,100.0,0.01,0.0,0.0,0.0,0.0,1
-10.0,100.0,0.01,26.3979,5.1522,21.2457,496.9565,2
0.0,5.0,0.01,0.0,0.0,0.0,0.0,1
0.0,5.0,0.01,33.5225,5.6444,27.8781,252.9014,2
0.0,20.0,0.01,0.0,0.0,0.0,0.0,1
0.0,20.0,0.01,26.3077,5.9022,20.4055,388.3142,2
0.0,40.0,0.01,0.0,0.0,0.0,0.0,1
0.0,40.0,0.01,23.7916,5.2824,18.5092,452.8421,2
0.0,60.0,0.01,0.0,0.0,0.0,0.0,1
0.0,60.0,0.01,24.5058,5.3933,19.1125,489.088,2
0.0,80.0,0.01,0.0,0.0,0.0,0.0,1
0.0,80.0,0.01,24.6011,4.8053,19.7958,504.3748,2
0.0,100.0,0.01,0.0,0.0,0.0,0.0,1
0.0,100.0,0.01,25.5775,3.3334,22.2441,498.9664,2
10.0,5.0,0.01,0.0,0.0,0.0,0.0,1
10.0,5.0,0.01,27.9222,5.728,22.1943,299.4398,2
10.0,20.0,0.01,0.0,0.0,0.0,0.0,1
10.0,20.0,0.01,22.7019,5.1181,17.5838,413.6019,2
10.0,40.0,0.01,0.0,0.0,0.0,0.0,1
10.0,40.0,0.01,21.7276,4.7737,16.9539,466.5793,2
10.0,60.0,0.01,0.0,0.0,0.0,0.0,1
10.0,60.0,0.01,21.7699,4.6699,17.1,494.4858,2
10.0,80.0,0.01,0.0,0.0,0.0,0.0,1
10.0,80.0,0.01,23.1149,4.6059,18.509,496.909,2
10.0,100.0,0.01,0.0,0.0,0.0,0.0,1
10.0,100.0,0.01,24.5171,4.297,20.22,486.9079,2
20.0,5.0,0.01,0.0,0.0,0.0,0.0,1
20.0,5.0,0.01,25.1777,5.5786,19.5992,322.1535,2
20.0,20.0,0.01,0.0,0.0,0.0,0.0,1
20.0,20.0,0.01,20.6261,4.7034,15.9227,418.8019,2
20.0,40.0,0.01,0.0,0.0,0.0,0.0,1
20.0,40.0,0.01,19.2616,3.9594,15.3022,459.1485,2
20.0,60.0,0.01,0.0,0.0,0.0,0.0,1
20.0,60.0,0.01,20.4881,4.2395,16.2486,483.9612,2
20.0,80.0,0.01,0.0,0.0,0.0,0.0,1
20.0,80.0,0.01,22.6606,4.5027,18.1579,481.4814,2
20.0,100.0,0.01,0.0,0.0,0.0,0.0,1
20.0,100.0,0.01,23.8055,4.0285,19.777,466.0586,2
30.0,5.0,0.01,0.0,0.0,0.0,0.0,1
30.0,5.0,0.01,23.7819,5.4366,18.3453,322.758,2
30.0,20.0,0.01,0.0,0.0,0.0,0.0,1
30.0,20.0,0.01,19.8405,4.9985,14.8419,408.6201,2
30.0,40.0,0.01,0.0,0.0,0.0,0.0,1
30.0,40.0,0.01,19.0302,4.5207,14.5095,449.3682,2
30.0,60.0,0.01,0.0,0.0,0.0,0.0,1
30.0,60.0,0.01,19.2457,4.3404,14.9053,462.5685,2
30.0,80.0,0.01,0.0,0.0,0.0,0.0,1
30.0,80.0,0.01,20.5064,4.1825,16.3239,459.048,2
30.0,100.0,0.01,0.0,0.0,0.0,0.0,1
30.0,100.0,0.01,25.4294,4.4638,20.9656,448.8623,2
40.0,5.0,0.01,0.0,0.0,0.0,0.0,1
40.0,5.0,0.01,21.8464,5.4345,16.4118,304.3583,2
40.0,20.0,0.01,0.0,0.0,0.0,0.0,1
40.0,20.0,0.01,19.4695,5.0581,14.4114,381.7881,2
40.0,40.0,0.01,0.0,0.0,0.0,0.0,1
40.0,40.0,0.01,18.8126,4.786,14.0266,420.2828,2
40.0,60.0,0.01,0.0,0.0,0.0,0.0,1
40.0,60.0,0.01,20.1217,4.9708,15.1509,431.3243,2
40.0,80.0,0.01,0.0,0.0,0.0,0.0,1
40.0,80.0,0.01,20.2639,4.3205,15.9434,429.948,2
40.0,100.0,0.01,0.0,0.0,0.0,0.0,1
40.0,100.0,0.01,25.384,4.7264,20.6576,422.5104,2
-20.0,5.0,0.02,0.0,0.0,0.0,0.0,1
-20.0,5.0,0.02,66.6203,7.3475,59.2729,88.6691,2
-20.0,20.0,0.02,0.0,0.0,0.0,0.0,1
-20.0,20.0,0.02,39.0562,7.1042,31.9519,214.935,2
-20.0,40.0,0.02,0.0,0.0,0.0,0.0,1
-20.0,40.0,0.02,31.2159,6.577,24.6389,309.6226,2
-20.0,60.0,0.02,0.0,0.0,0.0,0.0,1
-20.0,60.0,0.02,28.2715,5.9793,22.2922,368.6543,2
-20.0,80.0,0.02,0.0,0.0,0.0,0.0,1
-20.0,80.0,0.02,26.9635,5.4306,21.5329,407.5281,2
-20.0,100.0,0.02,0.0,0.0,0.0,0.0,1
-20.0,100.0,0.02,26.4799,4.998,21.482,424.8345,2
-10.0,5.0,0.02,0.0,0.0,0.0,0.0,1
-10.0,5.0,0.02,41.8365,4.996,36.8405,172.5073,2
-10.0,20.0,0.02,0.0,0.0,0.0,0.0,1
-10.0,20.0,0.02,27.3347,4.5716,22.7631,314.352,2
-10.0,40.0,0.02,0.0,0.0,0.0,0.0,1
-10.0,40.0,0.02,24.9114,4.7008,20.2106,401.3118,2
-10.0,60.0,0.02,0.0,0.0,0.0,0.0,1
-10.0,60.0,0.02,24.3307,4.7419,19.5888,448.0996,2
-10.0,80.0,0.02,0.0,0.0,0.0,0.0,1
-10.0,80.0,0.02,24.3768,4.7724,19.6044,475.1143,2
-10.0,100.0,0.02,0.0,0.0,0.0,0.0,1
-10.0,100.0,0.02,26.4816,4.8417,21.6399,495.4663,2
0.0,5.0,0.02,0.0,0.0,0.0,0.0,1
0.0,5.0,0.02,31.4171,4.5902,26.8269,251.0699,2
0.0,20.0,0.02,0.0,0.0,0.0,0.0,1
0.0,20.0,0.02,22.3865,3.8448,18.5418,382.279,2
0.0,40.0,0.02,0.0,0.0,0.0,0.0,1
0.0,40.0,0.02,21.5201,3.7358,17.7843,448.8772,2
0.0,60.0,0.02,0.0,0.0,0.0,0.0,1
0.0,60.0,0.02,22.2498,3.8706,18.3791,484.923,2
0.0,80.0,0.02,0.0,0.0,0.0,0.0,1
0.0,80.0,0.02,22.6288,3.7709,18.8579,500.7479,2
0.0,100.0,0.02,0.0,0.0,0.0,0.0,1
0.0,100.0,0.02,23.7955,2.329,21.4665,489.9197,2
10.0,5.0,0.02,0.0,0.0,0.0,0.0,1
10.0,5.0,0.02,25.4114,4.0743,21.3371,295.8588,2
10.0,20.0,0.02,0.0,0.0,0.0,0.0,1
10.0,20.0,0.02,20.6674,3.7679,16.8994,410.4079,2
10.0,40.0,0.02,0.0,0.0,0.0,0.0,1
10.0,40.0,0.02,19.9496,3.438,16.5115,463.3986,2
10.0,60.0,0.02,0.0,0.0,0.0,0.0,1
10.0,60.0,0.02,20.491,3.5881,16.9029,492.0273,2
10.0,80.0,0.02,0.0,0.0,0.0,0.0,1
10.0,80.0,0.02,20.3232,3.1957,17.1275,492.2316,2
10.0,100.0,0.02,0.0,0.0,0.0,0.0,1
10.0,100.0,0.02,23.3904,2.6641,20.7264,482.5574,2
20.0,5.0,0.02,0.0,0.0,0.0,0.0,1
20.0,5.0,0.02,23.7373,4.1832,19.5541,320.1986,2
20.0,20.0,0.02,0.0,0.0,0.0,0.0,1
20.0,20.0,0.02,18.9159,3.6156,15.3003,416.0842,2
20.0,40.0,0.02,0.0,0.0,0.0,0.0,1
20.0,40.0,0.02,18.6963,3.4635,15.2328,462.2319,2
20.0,60.0,0.02,0.0,0.0,0.0,0.0,1
20.0,60.0,0.02,19.0112,3.2517,15.7595,481.1258,2
20.0,80.0,0.02,0.0,0.0,0.0,0.0,1
20.0,80.0,0.02,20.4093,2.8104,17.5988,478.431,2
20.0,100.0,0.02,0.0,0.0,0.0,0.0,1
20.0,100.0,0.02,22.528,2.7226,19.8054,463.4661,2
30.0,5.0,0.02,0.0,0.0,0.0,0.0,1
30.0,5.0,0.02,21.5354,4.0386,17.4968,320.6329,2
30.0,20.0,0.02,0.0,0.0,0.0,0.0,1
30.0,20.0,0.02,17.9326,3.3161,14.6165,405.2947,2
30.0,40.0,0.02,0.0,0.0,0.0,0.0,1
30.0,40.0,0.02,17.9175,3.4657,14.4517,447.3434,2
30.0,60.0,0.02,0.0,0.0,0.0,0.0,1
30.0,60.0,0.02,18.4019,3.1532,15.2488,460.689,2
30.0,80.0,0.02,0.0,0.0,0.0,0.0,1
30.0,80.0,0.02,19.3522,3.1571,16.1951,457.863,2
30.0,100.0,0.02,0.0,0.0,0.0,0.0,1
30.0,100.0,0.02,22.6229,3.1049,19.5179,444.3896,2
40.0,5.0,0.02,0.0,0.0,0.0,0.0,1
40.0,5.0,0.02,20.0803,4.0408,16.0395,302.3216,2
40.0,20.0,0.02,0.0,0.0,0.0,0.0,1
40.0,20.0,0.02,17.2255,3.6167,13.6088,378.8962,2
40.0,40.0,0.02,0.0,0.0,0.0,0.0,1
40.0,40.0,0.02,17.0928,3.4028,13.69,417.4432,2
40.0,60.0,0.02,0.0,0.0,0.0,0.0,1
40.0,60.0,0.02,18.0187,3.5329,14.4858,428.9119,2
40.0,80.0,0.02,0.0,0.0,0.0,0.0,1
40.0,80.0,0.02,20.2617,3.5965,16.6651,428.8569,2
40.0,100.0,0.02,0.0,0.0,0.0,0.0,1
40.0,100.0,0.02,24.2048,3.321,20.8838,419.8788,2
-20.0,5.0,0.03,0.0,0.0,0.0,0.0,1
-20.0,5.0,0.03,63.8984,6.6117,57.2867,86.1499,2
-20.0,20.0,0.03,0.0,0.0,0.0,0.0,1
-20.0,20.0,0.03,35.1676,5.1453,30.0224,209.2942,2
-20.0,40.0,0.03,0.0,0.0,0.0,0.0,1
-20.0,40.0,0.03,28.4878,5.3005,23.1874,303.6783,2
-20.0,60.0,0.03,0.0,0.0,0.0,0.0,1
-20.0,60.0,0.03,26.0894,5.2876,20.8018,359.6163,2
-20.0,80.0,0.03,0.0,0.0,0.0,0.0,1
-20.0,80.0,0.03,26.4825,5.4971,20.9854,406.5983,2
-20.0,100.0,0.03,0.0,0.0,0.0,0.0,1
-20.0,100.0,0.03,25.723,5.0413,20.6817,421.8385,2
-10.0,5.0,0.03,0.0,0.0,0.0,0.0,1
-10.0,5.0,0.03,38.9748,4.2037,34.771,169.7848,2
-10.0,20.0,0.03,0.0,0.0,0.0,0.0,1
-10.0,20.0,0.03,26.3027,3.7575,22.5452,313.623,2
-10.0,40.0,0.03,0.0,0.0,0.0,0.0,1
-10.0,40.0,0.03,23.2455,3.7976,19.4479,396.8742,2
-10.0,60.0,0.03,0.0,0.0,0.0,0.0,1
-10.0,60.0,0.03,22.5288,3.7186,18.8101,441.7908,2
-10.0,80.0,0.03,0.0,0.0,0.0,0.0,1
-10.0,80.0,0.03,21.6539,3.6483,18.0056,464.9835,2
-10.0,100.0,0.03,0.0,0.0,0.0,0.0,1
-10.0,100.0,0.03,23.8772,3.537,20.3402,480.281,2
0.0,5.0,0.03,0.0,0.0,0.0,0.0,1
0.0,5.0,0.03,28.9379,3.7105,25.2274,247.8798,2
0.0,20.0,0.03,0.0,0.0,0.0,0.0,1
0.0,20.0,0.03,21.8277,3.302,18.5256,380.4506,2
0.0,40.0,0.03,0.0,0.0,0.0,0.0,1
0.0,40.0,0.03,20.1315,3.1839,16.9476,444.8155,2
0.0,60.0,0.03,0.0,0.0,0.0,0.0,1
0.0,60.0,0.03,21.2607,3.3557,17.905,481.9146,2
0.0,80.0,0.03,0.0,0.0,0.0,0.0,1
0.0,80.0,0.03,21.9672,2.942,19.0251,496.9604,2
0.0,100.0,0.03,0.0,0.0,0.0,0.0,1
0.0,100.0,0.03,23.5953,2.4088,21.1866,494.9842,2
10.0,5.0,0.03,0.0,0.0,0.0,0.0,1
10.0,5.0,0.03,24.3958,3.3844,21.0114,294.6578,2
10.0,20.0,0.03,0.0,0.0,0.0,0.0,1
10.0,20.0,0.03,19.6983,3.0723,16.626,407.7523,2
10.0,40.0,0.03,0.0,0.0,0.0,0.0,1
10.0,40.0,0.03,19.0509,2.9407,16.1102,461.0604,2
10.0,60.0,0.03,0.0,0.0,0.0,0.0,1
10.0,60.0,0.03,19.2229,2.8191,16.4039,487.9023,2
10.0,80.0,0.03,0.0,0.0,0.0,0.0,1
10.0,80.0,0.03,20.148,2.5005,17.6474,490.3909,2
10.0,100.0,0.03,0.0,0.0,0.0,0.0,1
10.0,100.0,0.03,21.9246,2.4209,19.5036,480.2273,2
20.0,5.0,0.03,0.0,0.0,0.0,0.0,1
20.0,5.0,0.03,22.0033,3.3053,18.698,317.4512,2
20.0,20.0,0.03,0.0,0.0,0.0,0.0,1
20.0,20.0,0.03,18.4145,3.0743,15.3402,414.5153,2
20.0,40.0,0.03,0.0,0.0,0.0,0.0,1
20.0,40.0,0.03,18.1641,2.9389,15.2252,460.4252,2
20.0,60.0,0.03,0.0,0.0,0.0,0.0,1
20.0,60.0,0.03,18.0208,2.6163,15.4045,478.4097,2
20.0,80.0,0.03,0.0,0.0,0.0,0.0,1
20.0,80.0,0.03,18.9811,2.3827,16.5984,475.3968,2
20.0,100.0,0.03,0.0,0.0,0.0,0.0,1
20.0,100.0,0.03,22.3645,2.2732,20.0913,461.7927,2
30.0,5.0,0.03,0.0,0.0,0.0,0.0,1
30.0,5.0,0.03,19.8095,3.368,16.4416,317.9645,2
30.0,20.0,0.03,0.0,0.0,0.0,0.0,1
30.0,20.0,0.03,16.807,2.963,13.8439,402.8714,2
30.0,40.0,0.03,0.0,0.0,0.0,0.0,1
30.0,40.0,0.03,16.8046,2.845,13.9596,444.5346,2
30.0,60.0,0.03,0.0,0.0,0.0,0.0,1
30.0,60.0,0.03,17.1088,2.7151,14.3937,458.0247,2
30.0,80.0,0.03,0.0,0.0,0.0,0.0,1
30.0,80.0,0.03,19.2009,2.5371,16.6638,455.7259,2
30.0,100.0,0.03,0.0,0.0,0.0,0.0,1
30.0,100.0,0.03,22.7432,2.3914,20.3517,443.0187,2
40.0,5.0,0.03,0.0,0.0,0.0,0.0,1
40.0,5.0,0.03,19.0595,3.3512,15.7083,300.5107,2
40.0,20.0,0.03,0.0,0.0,0.0,0.0,1
40.0,20.0,0.03,16.6786,3.1321,13.5464,377.4091,2
40.0,40.0,0.03,0.0,0.0,0.0,0.0,1
40.0,40.0,0.03,16.6408,3.0258,13.615,416.136,2
40.0,60.0,0.03,0.0,0.0,0.0,0.0,1
40.0,60.0,0.03,17.1176,2.8091,14.3085,426.4874,2
40.0,80.0,0.03,0.0,0.0,0.0,0.0,1
40.0,80.0,0.03,18.8638,2.6809,16.1829,427.0527,2
40.0,100.0,0.03,0.0,0.0,0.0,0.0,1
40.0,100.0,0.03,23.1442,2.8843,20.2599,418.117,2
-20.0,5.0,0.04,0.0,0.0,0.0,0.0,1
-20.0,5.0,0.04,49.971,4.3758,45.5952,59.9211,2
-20.0,20.0,0.04,0.0,0.0,0.0,0.0,1
-20.0,20.0,0.04,33.0048,4.1454,28.8594,204.4421,2
-20.0,40.0,0.04,0.0,0.0,0.0,0.0,1
-20.0,40.0,0.04,27.2351,4.3636,22.8716,299.3647,2
-20.0,60.0,0.04,0.0,0.0,0.0,0.0,1
-20.0,60.0,0.04,24.6377,4.4471,20.1906,354.0298,2
-20.0,80.0,0.04,0.0,0.0,0.0,0.0,1
-20.0,80.0,0.04,24.9701,4.7052,20.2649,400.782,2
-20.0,100.0,0.04,0.0,0.0,0.0,0.0,1
-20.0,100.0,0.04,24.5969,4.5136,20.0834,415.4664,2
-10.0,5.0,0.04,0.0,0.0,0.0,0.0,1
-10.0,5.0,0.04,37.457,3.5708,33.8862,167.4135,2
-10.0,20.0,0.04,0.0,0.0,0.0,0.0,1
-10.0,20.0,0.04,24.1087,2.8453,21.2635,299.3449,2
-10.0,40.0,0.04,0.0,0.0,0.0,0.0,1
-10.0,40.0,0.04,22.6142,3.2977,19.3165,394.0751,2
-10.0,60.0,0.04,0.0,0.0,0.0,0.0,1
-10.0,60.0,0.04,21.8297,3.3646,18.4652,439.7146,2
-10.0,80.0,0.04,0.0,0.0,0.0,0.0,1
-10.0,80.0,0.04,21.5252,3.0867,18.4385,460.5907,2
-10.0,100.0,0.04,0.0,0.0,0.0,0.0,1
-10.0,100.0,0.04,23.4352,3.1678,20.2674,479.9983,2
0.0,5.0,0.04,0.0,0.0,0.0,0.0,1
0.0,5.0,0.04,27.6378,3.0787,24.5591,244.8395,2
0.0,20.0,0.04,0.0,0.0,0.0,0.0,1
0.0,20.0,0.04,21.0319,2.9399,18.092,377.7758,2
0.0,40.0,0.04,0.0,0.0,0.0,0.0,1
0.0,40.0,0.04,20.2838,2.9092,17.3746,444.7777,2
0.0,60.0,0.04,0.0,0.0,0.0,0.0,1
0.0,60.0,0.04,20.1632,2.8132,17.35,477.4061,2
0.0,80.0,0.04,0.0,0.0,0.0,0.0,1
0.0,80.0,0.04,20.9166,2.6638,18.2527,491.6556,2
0.0,100.0,0.04,0.0,0.0,0.0,0.0,1
0.0,100.0,0.04,22.5418,2.4268,20.115,492.0304,2
10.0,5.0,0.04,0.0,0.0,0.0,0.0,1
10.0,5.0,0.04,22.958,2.9838,19.9741,291.5137,2
10.0,20.0,0.04,0.0,0.0,0.0,0.0,1
10.0,20.0,0.04,18.8769,2.737,16.1399,405.1058,2
10.0,40.0,0.04,0.0,0.0,0.0,0.0,1
10.0,40.0,0.04,17.863,2.5215,15.3415,456.7698,2
10.0,60.0,0.04,0.0,0.0,0.0,0.0,1
10.0,60.0,0.04,18.8773,2.6315,16.2458,486.5626,2
10.0,80.0,0.04,0.0,0.0,0.0,0.0,1
10.0,80.0,0.04,19.1936,2.3987,16.7949,487.5691,2
10.0,100.0,0.04,0.0,0.0,0.0,0.0,1
10.0,100.0,0.04,21.249,1.952,19.297,477.4859,2
20.0,5.0,0.04,0.0,0.0,0.0,0.0,1
20.0,5.0,0.04,20.3179,2.9919,17.3259,313.9324,2
20.0,20.0,0.04,0.0,0.0,0.0,0.0,1
20.0,20.0,0.04,17.5228,2.7646,14.7582,412.0333,2
20.0,40.0,0.04,0.0,0.0,0.0,0.0,1
20.0,40.0,0.04,17.4324,2.652,14.7804,458.3138,2
20.0,60.0,0.04,0.0,0.0,0.0,0.0,1
20.0,60.0,0.04,17.6442,2.4387,15.2056,474.4429,2
20.0,80.0,0.04,0.0,0.0,0.0,0.0,1
20.0,80.0,0.04,19.1897,2.2106,16.9791,468.5733,2
20.0,100.0,0.04,0.0,0.0,0.0,0.0,1
20.0,100.0,0.04,20.9338,1.9541,18.9798,457.8374,2
30.0,5.0,0.04,0.0,0.0,0.0,0.0,1
30.0,5.0,0.04,19.6708,2.9217,16.7492,316.7775,2
30.0,20.0,0.04,0.0,0.0,0.0,0.0,1
30.0,20.0,0.04,16.5983,2.7847,13.8136,401.9875,2
30.0,40.0,0.04,0.0,0.0,0.0,0.0,1
30.0,40.0,0.04,16.528,2.6556,13.8724,443.3856,2
30.0,60.0,0.04,0.0,0.0,0.0,0.0,1
30.0,60.0,0.04,16.3393,2.2662,14.0731,454.4664,2
30.0,80.0,0.04,0.0,0.0,0.0,0.0,1
30.0,80.0,0.04,18.0006,2.238,15.7626,453.1084,2
30.0,100.0,0.04,0.0,0.0,0.0,0.0,1
30.0,100.0,0.04,21.1393,2.1558,18.9835,438.812,2
40.0,5.0,0.04,0.0,0.0,0.0,0.0,1
40.0,5.0,0.04,18.7198,3.0065,15.7133,299.3712,2
40.0,20.0,0.04,0.0,0.0,0.0,0.0,1
40.0,20.0,0.04,16.063,2.7,13.3631,375.3438,2
40.0,40.0,0.04,0.0,0.0,0.0,0.0,1
40.0,40.0,0.04,15.7377,2.6766,13.061,413.5014,2
40.0,60.0,0.04,0.0,0.0,0.0,0.0,1
40.0,60.0,0.04,16.8058,2.6532,14.1525,425.5866,2
40.0,80.0,0.04,0.0,0.0,0.0,0.0,1
40.0,80.0,0.04,17.7866,2.3459,15.4408,423.5434,2
40.0,100.0,0.04,0.0,0.0,0.0,0.0,1
40.0,100.0,0.04,22.8562,2.5335,20.3227,416.4486,2
-20.0,5.0,0.05,0.0,0.0,0.0,0.0,1
-20.0,5.0,0.05,59.7521,6.37,53.382,75.6375,2
-20.0,20.0,0.05,0.0,0.0,0.0,0.0,1
-20.0,20.0,0.05,31.7476,3.7069,28.0407,201.0702,2
-20.0,40.0,0.05,0.0,0.0,0.0,0.0,1
-20.0,40.0,0.05,25.6872,3.8228,21.8644,293.5697,2
-20.0,60.0,0.05,0.0,0.0,0.0,0.0,1
-20.0,60.0,0.05,23.4627,3.7351,19.7276,347.8159,2
-20.0,80.0,0.05,0.0,0.0,0.0,0.0,1
-20.0,80.0,0.05,24.0366,4.1368,19.8998,395.6382,2
-20.0,100.0,0.05,0.0,0.0,0.0,0.0,1
-20.0,100.0,0.05,23.4686,3.7357,19.733,409.8874,2
-10.0,5.0,0.05,0.0,0.0,0.0,0.0,1
-10.0,5.0,0.05,35.2444,3.1862,32.0582,163.7322,2
-10.0,20.0,0.05,0.0,0.0,0.0,0.0,1
-10.0,20.0,0.05,24.3376,3.2827,21.0549,308.2059,2
-10.0,40.0,0.05,0.0,0.0,0.0,0.0,1
-10.0,40.0,0.05,21.9325,2.9637,18.9688,391.081,2
-10.0,60.0,0.05,0.0,0.0,0.0,0.0,1
-10.0,60.0,0.05,21.0037,3.0463,17.9574,435.619,2
-10.0,80.0,0.05,0.0,0.0,0.0,0.0,1
-10.0,80.0,0.05,20.508,2.7001,17.8079,453.9442,2
-10.0,100.0,0.05,0.0,0.0,0.0,0.0,1
-10.0,100.0,0.05,22.0575,2.6095,19.448,468.7274,2
0.0,5.0,0.05,0.0,0.0,0.0,0.0,1
0.0,5.0,0.05,25.8475,2.7438,23.1038,238.747,2
0.0,20.0,0.05,0.0,0.0,0.0,0.0,1
0.0,20.0,0.05,20.1426,2.539,17.6035,373.2005,2
0.0,40.0,0.05,0.0,0.0,0.0,0.0,1
0.0,40.0,0.05,19.5286,2.5721,16.9565,441.768,2
0.0,60.0,0.05,0.0,0.0,0.0,0.0,1
0.0,60.0,0.05,18.9206,2.3938,16.5268,470.013,2
0.0,80.0,0.05,0.0,0.0,0.0,0.0,1
0.0,80.0,0.05,20.2581,2.3965,17.8616,489.0973,2
0.0,100.0,0.05,0.0,0.0,0.0,0.0,1
0.0,100.0,0.05,22.042,2.122,19.92,489.2669,2
10.0,5.0,0.05,0.0,0.0,0.0,0.0,1
10.0,5.0,0.05,22.4792,2.6638,19.8154,289.5605,2
10.0,20.0,0.05,0.0,0.0,0.0,0.0,1
10.0,20.0,0.05,18.2902,2.4636,15.8266,402.4593,2
10.0,40.0,0.05,0.0,0.0,0.0,0.0,1
10.0,40.0,0.05,17.3954,2.3188,15.0766,454.5,2
10.0,60.0,0.05,0.0,0.0,0.0,0.0,1
10.0,60.0,0.05,17.9817,2.2731,15.7086,481.615,2
10.0,80.0,0.05,0.0,0.0,0.0,0.0,1
10.0,80.0,0.05,19.1313,2.2215,16.9098,487.0984,2
10.0,100.0,0.05,0.0,0.0,0.0,0.0,1
10.0,100.0,0.05,20.6479,1.7648,18.8831,473.9813,2
20.0,5.0,0.05,0.0,0.0,0.0,0.0,1
20.0,5.0,0.05,20.0024,2.7489,17.2536,312.6009,2
20.0,20.0,0.05,0.0,0.0,0.0,0.0,1
20.0,20.0,0.05,16.8377,2.4253,14.4124,408.9858,2
20.0,40.0,0.05,0.0,0.0,0.0,0.0,1
20.0,40.0,0.05,15.9083,2.2557,13.6526,451.6403,2
20.0,60.0,0.05,0.0,0.0,0.0,0.0,1
20.0,60.0,0.05,17.276,2.2722,15.0039,475.5979,2
20.0,80.0,0.05,0.0,0.0,0.0,0.0,1
20.0,80.0,0.05,19.0269,2.2188,16.8081,474.4506,2
20.0,100.0,0.05,0.0,0.0,0.0,0.0,1
20.0,100.0,0.05,20.3951,1.7971,18.598,455.5378,2
30.0,5.0,0.05,0.0,0.0,0.0,0.0,1
30.0,5.0,0.05,19.1358,2.8088,16.327,315.5763,2
30.0,20.0,0.05,0.0,0.0,0.0,0.0,1
30.0,20.0,0.05,16.3849,2.4466,13.9383,400.3043,2
30.0,40.0,0.05,0.0,0.0,0.0,0.0,1
30.0,40.0,0.05,16.1976,2.4516,13.746,441.7841,2
30.0,60.0,0.05,0.0,0.0,0.0,0.0,1
30.0,60.0,0.05,15.9132,2.2238,13.6894,452.2412,2
30.0,80.0,0.05,0.0,0.0,0.0,0.0,1
30.0,80.0,0.05,18.3472,2.227,16.1202,453.8493,2
30.0,100.0,0.05,0.0,0.0,0.0,0.0,1
30.0,100.0,0.05,20.96,2.0235,18.9365,437.9036,2
40.0,5.0,0.05,0.0,0.0,0.0,0.0,1
40.0,5.0,0.05,17.75,2.7015,15.0485,297.1913,2
40.0,20.0,0.05,0.0,0.0,0.0,0.0,1
40.0,20.0,0.05,15.7705,2.4733,13.2972,373.8921,2
40.0,40.0,0.05,0.0,0.0,0.0,0.0,1
40.0,40.0,0.05,15.5313,2.5056,13.0257,412.3784,2
40.0,60.0,0.05,0.0,0.0,0.0,0.0,1
40.0,60.0,0.05,15.9779,2.3838,13.5941,422.7545,2
40.0,80.0,0.05,0.0,0.0,0.0,0.0,1
40.0,80.0,0.05,17.9379,2.172,15.7659,423.2663,2
40.0,100.0,0.05,0.0,0.0,0.0,0.0,1
40.0,100.0,0.05,21.9316,2.3761,19.5555,414.5403,2
-20.0,5.0,0.1,0.0,0.0,0.0,0.0,1
-20.0,5.0,0.1,50.861,4.5906,46.2704,39.6919,2
-20.0,20.0,0.1,0.0,0.0,0.0,0.0,1
-20.0,20.0,0.1,26.5772,2.2546,24.3226,173.6667,2
-20.0,40.0,0.1,0.0,0.0,0.0,0.0,1
-20.0,40.0,0.1,21.9767,2.5341,19.4426,269.7718,2
-20.0,60.0,0.1,0.0,0.0,0.0,0.0,1
-20.0,60.0,0.1,20.2496,2.4475,17.8021,323.4995,2
-20.0,80.0,0.1,0.0,0.0,0.0,0.0,1
-20.0,80.0,0.1,20.273,2.5995,17.6735,363.7189,2
-20.0,100.0,0.1,0.0,0.0,0.0,0.0,1
-20.0,100.0,0.1,20.2494,2.3527,17.8967,380.0216,2
-10.0,5.0,0.1,0.0,0.0,0.0,0.0,1
-10.0,5.0,0.1,29.3594,2.2402,27.1192,144.5079,2
-10.0,20.0,0.1,0.0,0.0,0.0,0.0,1
-10.0,20.0,0.1,20.4602,2.1052,18.3549,284.8966,2
-10.0,40.0,0.1,0.0,0.0,0.0,0.0,1
-10.0,40.0,0.1,18.2644,2.0198,16.2446,366.7532,2
-10.0,60.0,0.1,0.0,0.0,0.0,0.0,1
-10.0,60.0,0.1,18.0324,1.9982,16.0342,411.9688,2
-10.0,80.0,0.1,0.0,0.0,0.0,0.0,1
-10.0,80.0,0.1,18.1294,1.8895,16.2399,432.017,2
-10.0,100.0,0.1,0.0,0.0,0.0,0.0,1
-10.0,100.0,0.1,19.3394,1.8097,17.5298,444.3242,2
0.0,5.0,0.1,0.0,0.0,0.0,0.0,1
0.0,5.0,0.1,22.8834,2.1169,20.7665,227.7066,2
0.0,20.0,0.1,0.0,0.0,0.0,0.0,1
0.0,20.0,0.1,17.5034,1.9376,15.5658,356.2606,2
0.0,40.0,0.1,0.0,0.0,0.0,0.0,1
0.0,40.0,0.1,16.4525,1.8338,14.6187,420.1453,2
0.0,60.0,0.1,0.0,0.0,0.0,0.0,1
0.0,60.0,0.1,16.6056,1.8661,14.7395,448.3616,2
0.0,80.0,0.1,0.0,0.0,0.0,0.0,1
0.0,80.0,0.1,17.8895,1.7813,16.1082,467.9352,2
0.0,100.0,0.1,0.0,0.0,0.0,0.0,1
0.0,100.0,0.1,19.7864,1.6082,18.1782,469.5368,2
10.0,5.0,0.1,0.0,0.0,0.0,0.0,1
10.0,5.0,0.1,19.5741,2.132,17.442,276.6165,2
10.0,20.0,0.1,0.0,0.0,0.0,0.0,1
10.0,20.0,0.1,15.955,1.8629,14.0921,386.8737,2
10.0,40.0,0.1,0.0,0.0,0.0,0.0,1
10.0,40.0,0.1,15.5012,1.8175,13.6837,440.3498,2
10.0,60.0,0.1,0.0,0.0,0.0,0.0,1
10.0,60.0,0.1,16.2898,1.8553,14.4346,469.1557,2
10.0,80.0,0.1,0.0,0.0,0.0,0.0,1
10.0,80.0,0.1,17.3883,1.6966,15.6917,471.5973,2
10.0,100.0,0.1,0.0,0.0,0.0,0.0,1
10.0,100.0,0.1,19.1815,1.4641,17.7174,462.9712,2
20.0,5.0,0.1,0.0,0.0,0.0,0.0,1
20.0,5.0,0.1,18.1086,2.2192,15.8895,304.0249,2
20.0,20.0,0.1,0.0,0.0,0.0,0.0,1
20.0,20.0,0.1,15.3116,1.9545,13.3571,399.5274,2
20.0,40.0,0.1,0.0,0.0,0.0,0.0,1
20.0,40.0,0.1,15.1624,1.8726,13.2898,445.4127,2
20.0,60.0,0.1,0.0,0.0,0.0,0.0,1
20.0,60.0,0.1,15.6744,1.8178,13.8566,465.9339,2
20.0,80.0,0.1,0.0,0.0,0.0,0.0,1
20.0,80.0,0.1,16.2692,1.5385,14.7307,458.6164,2
20.0,100.0,0.1,0.0,0.0,0.0,0.0,1
20.0,100.0,0.1,18.5942,1.4091,17.1851,443.4467,2
30.0,5.0,0.1,0.0,0.0,0.0,0.0,1
30.0,5.0,0.1,16.3395,2.0641,14.2754,303.7798,2
30.0,20.0,0.1,0.0,0.0,0.0,0.0,1
30.0,20.0,0.1,14.603,1.9115,12.6915,390.7864,2
30.0,40.0,0.1,0.0,0.0,0.0,0.0,1
30.0,40.0,0.1,14.3144,1.8529,12.4615,430.3509,2
30.0,60.0,0.1,0.0,0.0,0.0,0.0,1
30.0,60.0,0.1,15.3326,1.7859,13.5467,447.6312,2
30.0,80.0,0.1,0.0,0.0,0.0,0.0,1
30.0,80.0,0.1,16.2362,1.6318,14.6043,441.3886,2
30.0,100.0,0.1,0.0,0.0,0.0,0.0,1
30.0,100.0,0.1,19.1564,1.4413,17.7152,425.8505,2
40.0,5.0,0.1,0.0,0.0,0.0,0.0,1
40.0,5.0,0.1,16.0976,2.1632,13.9344,290.5403,2
40.0,20.0,0.1,0.0,0.0,0.0,0.0,1
40.0,20.0,0.1,13.8893,1.9576,11.9317,365.01,2
40.0,40.0,0.1,0.0,0.0,0.0,0.0,1
40.0,40.0,0.1,14.0914,1.923,12.1684,403.7884,2
40.0,60.0,0.1,0.0,0.0,0.0,0.0,1
40.0,60.0,0.1,14.2796,1.6268,12.6528,410.8082,2
40.0,80.0,0.1,0.0,0.0,0.0,0.0,1
40.0,80.0,0.1,16.3782,1.7238,14.6544,413.9019,2
40.0,100.0,0.1,0.0,0.0,0.0,0.0,1
40.0,100.0,0.1,20.2793,1.7218,18.5575,405.7305,2
-20.0,5.0,0.2,0.0,0.0,0.0,0.0,1
-20.0,5.0,0.2,59.8674,0.9731,58.8944,22.5311,2
-20.0,20.0,0.2,0.0,0.0,0.0,0.0,1
-20.0,20.0,0.2,22.8721,0.6019,22.2702,91.7401,2
-20.0,40.0,0.2,0.0,0.0,0.0,0.0,1
-20.0,40.0,0.2,18.3621,1.6224,16.7396,212.657,2
-20.0,60.0,0.2,0.0,0.0,0.0,0.0,1
-20.0,60.0,0.2,17.019,1.5728,15.4461,263.976,2
-20.0,80.0,0.2,0.0,0.0,0.0,0.0,1
-20.0,80.0,0.2,16.8226,1.5933,15.2293,295.2848,2
-20.0,100.0,0.2,0.0,0.0,0.0,0.0,1
-20.0,100.0,0.2,17.1729,1.4815,15.6914,310.8741,2
-10.0,5.0,0.2,0.0,0.0,0.0,0.0,1
-10.0,5.0,0.2,24.8324,1.0639,23.7685,89.5921,2
-10.0,20.0,0.2,0.0,0.0,0.0,0.0,1
-10.0,20.0,0.2,17.1568,1.4871,15.6697,237.2384,2
-10.0,40.0,0.2,0.0,0.0,0.0,0.0,1
-10.0,40.0,0.2,15.3595,1.4037,13.9557,316.9371,2
-10.0,60.0,0.2,0.0,0.0,0.0,0.0,1
-10.0,60.0,0.2,15.0535,1.2466,13.8068,355.1551,2
-10.0,80.0,0.2,0.0,0.0,0.0,0.0,1
-10.0,80.0,0.2,15.6901,1.193,14.4971,377.1386,2
-10.0,100.0,0.2,0.0,0.0,0.0,0.0,1
-10.0,100.0,0.2,16.4817,1.2429,15.2388,379.3169,2
0.0,5.0,0.2,0.0,0.0,0.0,0.0,1
0.0,5.0,0.2,18.9409,1.5534,17.3875,185.9197,2
0.0,20.0,0.2,0.0,0.0,0.0,0.0,1
0.0,20.0,0.2,14.8078,1.2129,13.5949,311.0581,2
0.0,40.0,0.2,0.0,0.0,0.0,0.0,1
0.0,40.0,0.2,13.9878,1.197,12.7909,375.9186,2
0.0,60.0,0.2,0.0,0.0,0.0,0.0,1
0.0,60.0,0.2,14.3925,1.1549,13.2376,406.2836,2
0.0,80.0,0.2,0.0,0.0,0.0,0.0,1
0.0,80.0,0.2,15.3453,1.2403,14.105,417.9128,2
0.0,100.0,0.2,0.0,0.0,0.0,0.0,1
0.0,100.0,0.2,17.0382,1.1992,15.839,412.9113,2
10.0,5.0,0.2,0.0,0.0,0.0,0.0,1
10.0,5.0,0.2,16.5712,1.6115,14.9597,244.1523,2
10.0,20.0,0.2,0.0,0.0,0.0,0.0,1
10.0,20.0,0.2,13.5686,1.2789,12.2896,347.9921,2
10.0,40.0,0.2,0.0,0.0,0.0,0.0,1
10.0,40.0,0.2,13.2656,1.2272,12.0384,402.1885,2
10.0,60.0,0.2,0.0,0.0,0.0,0.0,1
10.0,60.0,0.2,13.7378,1.2448,12.493,425.6077,2
10.0,80.0,0.2,0.0,0.0,0.0,0.0,1
10.0,80.0,0.2,14.9435,1.1817,13.7618,430.5299,2
10.0,100.0,0.2,0.0,0.0,0.0,0.0,1
10.0,100.0,0.2,17.003,1.0837,15.9193,421.8073,2
20.0,5.0,0.2,0.0,0.0,0.0,0.0,1
20.0,5.0,0.2,15.1223,1.6296,13.4928,275.602,2
20.0,20.0,0.2,0.0,0.0,0.0,0.0,1
20.0,20.0,0.2,12.8728,1.3497,11.5231,366.1142,2
20.0,40.0,0.2,0.0,0.0,0.0,0.0,1
20.0,40.0,0.2,12.8741,1.3295,11.5446,413.5051,2
20.0,60.0,0.2,0.0,0.0,0.0,0.0,1
20.0,60.0,0.2,13.3182,1.286,12.0322,429.1816,2
20.0,80.0,0.2,0.0,0.0,0.0,0.0,1
20.0,80.0,0.2,14.9102,1.2729,13.6373,439.1987,2
20.0,100.0,0.2,0.0,0.0,0.0,0.0,1
20.0,100.0,0.2,16.9863,1.1365,15.8499,420.4897,2
30.0,5.0,0.2,0.0,0.0,0.0,0.0,1
30.0,5.0,0.2,14.4331,1.6923,12.7408,285.8273,2
30.0,20.0,0.2,0.0,0.0,0.0,0.0,1
30.0,20.0,0.2,12.5624,1.3553,11.207,365.3116,2
30.0,40.0,0.2,0.0,0.0,0.0,0.0,1
30.0,40.0,0.2,12.4109,1.3843,11.0266,405.1584,2
30.0,60.0,0.2,0.0,0.0,0.0,0.0,1
30.0,60.0,0.2,13.1489,1.3506,11.7983,423.8837,2
30.0,80.0,0.2,0.0,0.0,0.0,0.0,1
30.0,80.0,0.2,14.4428,1.1873,13.2555,417.7711,2
30.0,100.0,0.2,0.0,0.0,0.0,0.0,1
30.0,100.0,0.2,17.5439,1.1345,16.4094,407.5431,2
40.0,5.0,0.2,0.0,0.0,0.0,0.0,1
40.0,5.0,0.2,13.6992,1.6411,12.0581,272.1008,2
40.0,20.0,0.2,0.0,0.0,0.0,0.0,1
40.0,20.0,0.2,12.3275,1.4589,10.8685,347.2688,2
40.0,40.0,0.2,0.0,0.0,0.0,0.0,1
40.0,40.0,0.2,12.1948,1.3911,10.8038,381.8478,2
40.0,60.0,0.2,0.0,0.0,0.0,0.0,1
40.0,60.0,0.2,13.0824,1.3391,11.7434,396.5374,2
40.0,80.0,0.2,0.0,0.0,0.0,0.0,1
40.0,80.0,0.2,14.5441,1.2175,13.3265,392.2719,2
40.0,100.0,0.2,0.0,0.0,0.0,0.0,1
40.0,100.0,0.2,17.886,1.166,16.72,382.0783,2
-20.0,5.0,1.3,0.0,0.0,0.0,0.0,1
-20.0,5.0,1.3,1013564.0456,6264.913,1007299.1326,0.0011,2
-20.0,20.0,1.3,0.0,0.0,0.0,0.0,1
-20.0,20.0,1.3,19337.287,123.4559,19213.8311,0.058,2
-20.0,40.0,1.3,0.0,0.0,0.0,0.0,1
-20.0,40.0,1.3,759.0158,5.2047,753.811,1.509,2
-20.0,60.0,1.3,0.0,0.0,0.0,0.0,1
-20.0,60.0,1.3,23.9928,0.5758,23.417,59.9516,2
-20.0,80.0,1.3,0.0,0.0,0.0,0.0,1
-20.0,80.0,1.3,51.8418,0.4146,51.4272,24.1999,2
-20.0,100.0,1.3,0.0,0.0,0.0,0.0,1
-20.0,100.0,1.3,39.8099,0.3238,39.4861,33.3307,2
-10.0,5.0,1.3,0.0,0.0,0.0,0.0,1
-10.0,5.0,1.3,26027.6162,192.9308,25834.6854,0.0385,2
-10.0,20.0,1.3,0.0,0.0,0.0,0.0,1
-10.0,20.0,1.3,22.4425,0.6624,21.7801,52.0161,2
-10.0,40.0,1.3,0.0,0.0,0.0,0.0,1
-10.0,40.0,1.3,36.3166,0.3953,35.9213,31.1106,2
-10.0,60.0,1.3,0.0,0.0,0.0,0.0,1
-10.0,60.0,1.3,29.4545,0.2978,29.1568,40.6535,2
-10.0,80.0,1.3,0.0,0.0,0.0,0.0,1
-10.0,80.0,1.3,24.978,0.2476,24.7304,53.3425,2
-10.0,100.0,1.3,0.0,0.0,0.0,0.0,1
-10.0,100.0,1.3,24.1497,0.2253,23.9244,61.9213,2
0.0,5.0,1.3,0.0,0.0,0.0,0.0,1
0.0,5.0,1.3,26.5944,0.9546,25.6398,37.0165,2
0.0,20.0,1.3,0.0,0.0,0.0,0.0,1
0.0,20.0,1.3,15.6654,0.5771,15.0883,70.2789,2
0.0,40.0,1.3,0.0,0.0,0.0,0.0,1
0.0,40.0,1.3,24.0784,0.3194,23.759,43.8955,2
0.0,60.0,1.3,0.0,0.0,0.0,0.0,1
0.0,60.0,1.3,14.1045,0.4773,13.6272,103.9632,2
0.0,80.0,1.3,0.0,0.0,0.0,0.0,1
0.0,80.0,1.3,20.9695,0.228,20.7415,67.0031,2
0.0,100.0,1.3,0.0,0.0,0.0,0.0,1
0.0,100.0,1.3,22.7405,0.2132,22.5273,75.0575,2
10.0,5.0,1.3,0.0,0.0,0.0,0.0,1
10.0,5.0,1.3,19.2035,0.8197,18.3838,46.406,2
10.0,20.0,1.3,0.0,0.0,0.0,0.0,1
10.0,20.0,1.3,13.0165,0.5593,12.4572,77.2406,2
10.0,40.0,1.3,0.0,0.0,0.0,0.0,1
10.0,40.0,1.3,19.0508,0.3178,18.733,51.0092,2
10.0,60.0,1.3,0.0,0.0,0.0,0.0,1
10.0,60.0,1.3,13.027,0.4883,12.5387,104.5161,2
10.0,80.0,1.3,0.0,0.0,0.0,0.0,1
10.0,80.0,1.3,14.5974,0.4799,14.1175,116.5898,2
10.0,100.0,1.3,0.0,0.0,0.0,0.0,1
10.0,100.0,1.3,22.5331,0.2221,22.311,77.6518,2
20.0,5.0,1.3,0.0,0.0,0.0,0.0,1
20.0,5.0,1.3,15.371,0.7813,14.5898,51.5422,2
20.0,20.0,1.3,0.0,0.0,0.0,0.0,1
20.0,20.0,1.3,11.3166,0.5999,10.7168,79.7849,2
20.0,40.0,1.3,0.0,0.0,0.0,0.0,1
20.0,40.0,1.3,10.9411,0.5404,10.4007,96.0318,2
20.0,60.0,1.3,0.0,0.0,0.0,0.0,1
20.0,60.0,1.3,12.0487,0.519,11.5297,104.0347,2
20.0,80.0,1.3,0.0,0.0,0.0,0.0,1
20.0,80.0,1.3,18.2497,0.2572,17.9926,67.5468,2
20.0,100.0,1.3,0.0,0.0,0.0,0.0,1
20.0,100.0,1.3,16.9847,0.5038,16.4808,125.4915,2
30.0,5.0,1.3,0.0,0.0,0.0,0.0,1
30.0,5.0,1.3,13.0799,0.8163,12.2636,52.5826,2
30.0,20.0,1.3,0.0,0.0,0.0,0.0,1
30.0,20.0,1.3,10.1812,0.6548,9.5264,77.928,2
30.0,40.0,1.3,0.0,0.0,0.0,0.0,1
30.0,40.0,1.3,10.2158,0.5232,9.6925,92.349,2
30.0,60.0,1.3,0.0,0.0,0.0,0.0,1
30.0,60.0,1.3,11.4766,0.5713,10.9053,98.9444,2
30.0,80.0,1.3,0.0,0.0,0.0,0.0,1
30.0,80.0,1.3,13.7491,0.5381,13.211,107.2717,2
30.0,100.0,1.3,0.0,0.0,0.0,0.0,1
30.0,100.0,1.3,22.8645,0.2669,22.5976,71.4538,2
40.0,5.0,1.3,0.0,0.0,0.0,0.0,1
40.0,5.0,1.3,10.208,0.5209,9.6871,67.3429,2
40.0,20.0,1.3,0.0,0.0,0.0,0.0,1
40.0,20.0,1.3,8.5889,0.4633,8.1256,90.8578,2
40.0,40.0,1.3,0.0,0.0,0.0,0.0,1
40.0,40.0,1.3,8.7742,0.4167,8.3575,105.4863,2
40.0,60.0,1.3,0.0,0.0,0.0,0.0,1
40.0,60.0,1.3,16.4044,0.4082,15.9962,42.1321,2
40.0,80.0,1.3,0.0,0.0,0.0,0.0,1
40.0,80.0,1.3,17.9316,0.3429,17.5887,54.4806,2
40.0,100.0,1.3,0.0,0.0,0.0,0.0,1
40.0,100.0,1.3,24.1964,0.3125,23.8839,63.1055,2
