LinePyHub;length;s_nom;s_nom_max;node0;node1;Type
BE1-BE2;134.37783850556627;0;5;BE1;BE2;onshore
BE1-BE_A;68.33310557488227;0;5;BE1;BE_A;offshore
BE1-BE_B;67.81682402318488;0;5;BE1;BE_B;offshore
BE1-NL1;117.26246819239466;0;5;BE1;NL1;onshore
BE1-UK1;203.42890795423182;0;5;BE1;UK1;onshore
BE1-UK4;390.61473433794225;0;5;BE1;UK4;onshore
BE2-DE1;171.93737216502478;0;5;BE2;DE1;onshore
BE2-NL1;136.29765495515502;0;5;BE2;NL1;onshore
BE2-NL4;155.9382294908041;0;5;BE2;NL4;onshore
BE_A-BE_B;32.8515551852684;0;5;BE_A;BE_B;offshore
BE_A-NL_C;43.36279638851476;0;5;BE_A;NL_C;offshore
BE_A-UK_H;69.94423111699726;0;5;BE_A;UK_H;offshore
BE_B-NL_C;11.791327965560493;0;5;BE_B;NL_C;offshore
BE_B-UK_H;71.47047567773986;0;5;BE_B;UK_H;offshore
DE1-DE4;280.0487732326037;0;5;DE1;DE4;onshore
DE1-NL2;179.40002272714324;0;5;DE1;NL2;onshore
DE1-NL4;96.22484866601454;0;5;DE1;NL4;onshore
DE2-DE3;156.20289057316063;0;5;DE2;DE3;onshore
DE2-DE4;328.76230619005133;0;5;DE2;DE4;onshore
DE2-DK1;365.11731509738553;0;5;DE2;DK1;onshore
DE2-NL3;112.28755120111865;0;5;DE2;NL3;onshore
DE2-NL4;181.14514564187883;0;5;DE2;NL4;onshore
DE2-NO1;715.6554059198638;0;5;DE2;NO1;onshore
DE3-DE4;344.88452029789954;0;5;DE3;DE4;onshore
DE3-DK1;253.89841578962455;0;5;DE3;DK1;onshore
DE3-NL3;257.67524670075835;0;5;DE3;NL3;onshore
DE3-NO1;648.3259788087485;0;5;DE3;NO1;onshore
DE_A-DE_B;59.84362385462524;0;5;DE_A;DE_B;offshore
DE_A-DE_C;31.6830113499237;0;5;DE_A;DE_C;offshore
DE_A-DE_D;19.81685275123245;0;5;DE_A;DE_D;offshore
DE_A-DE_E;87.0555054370478;0;5;DE_A;DE_E;offshore
DE_A-NL_E;34.82510640851016;0;5;DE_A;NL_E;offshore
DE_A-NL_G;54.90894835819669;0;5;DE_A;NL_G;offshore
DE_B-DE_C;30.68247034877381;0;5;DE_B;DE_C;offshore
DE_B-DE_G;44.42051072291792;0;5;DE_B;DE_G;offshore
DE_B-DE_H;83.01048505245132;0;5;DE_B;DE_H;offshore
DE_C-DE_D;51.21206730039159;0;5;DE_C;DE_D;offshore
DE_C-DE_G;71.19184659706933;0;5;DE_C;DE_G;offshore
DE_C-DE_H;108.80343327050346;0;5;DE_C;DE_H;offshore
DE_C-NL_E;40.32193316548291;0;5;DE_C;NL_E;offshore
DE_C-NL_G;51.02611255918511;0;5;DE_C;NL_G;offshore
DE_D-DE_E;86.38500126447077;0;5;DE_D;DE_E;offshore
DE_D-NL_E;40.98081854520561;0;5;DE_D;NL_E;offshore
DE_E-DE_F;81.70130697010187;0;5;DE_E;DE_F;offshore
DE_F-DE_G;55.673243943848675;0;5;DE_F;DE_G;offshore
DE_F-DK_A;135.61984953939586;0;5;DE_F;DK_A;offshore
DE_F-DK_B;76.6839651321708;0;5;DE_F;DK_B;offshore
DE_G-DE_H;84.10533420791946;0;5;DE_G;DE_H;offshore
DE_H-DE_I;113.86286493498223;0;5;DE_H;DE_I;offshore
DE_I-DK_ST1;89.76595155620544;0;5;DE_I;DK_ST1;offshore
DE_I-NO_A;176.3607739390075;0;5;DE_I;NO_A;offshore
DE_I-UK_C;147.23477094588932;0;5;DE_I;UK_C;offshore
DK1-DK_C;215.04715908573849;0;5;DK1;DK_C;offshore
DK1-DK_ST1;335.98405584430907;0;5;DK1;DK_ST1;offshore
DK1-NO1;407.6945177615464;0;5;DK1;NO1;onshore
DK_A-DK_B;64.20313679411015;0;5;DK_A;DK_B;offshore
DK_A-DK_C;63.65658447506351;0;5;DK_A;DK_C;offshore
DK_B-DK_C;90.14820150157921;0;5;DK_B;DK_C;offshore
DK_C-DK_ST1;121.0087647705363;0;5;DK_C;DK_ST1;offshore
DK_C-NO_A;154.83105130361608;0;5;DK_C;NO_A;offshore
DK_ST1-NO_A;98.73523543366473;0;5;DK_ST1;NO_A;offshore
NL1-NL2;92.19628964300608;0;5;NL1;NL2;onshore
NL1-NL4;107.73443112500573;0;5;NL1;NL4;onshore
NL1-UK1;246.20248224092882;0;5;NL1;UK1;onshore
NL2-NL3;94.22405303449167;0;5;NL2;NL3;onshore
NL2-NL4;85.13119176616509;0;5;NL2;NL4;onshore
NL2-NL_D;67.13861382850867;0;5;NL2;NL_D;offshore
NL2-NL_F;107.78595803866843;0;5;NL2;NL_F;offshore
NL2-UK_G;154.0673491033546;0;5;NL2;UK_G;offshore
NL3-NL4;122.4979627040921;0;5;NL3;NL4;onshore
NL_A-NL_B;34.54341288034556;0;5;NL_A;NL_B;offshore
NL_A-NL_D;52.92690807075863;0;5;NL_A;NL_D;offshore
NL_A-NL_F;35.40276412618469;0;5;NL_A;NL_F;offshore
NL_A-UK_G;51.67289745010372;0;5;NL_A;UK_G;offshore
NL_B-NL_F;51.29922888254779;0;5;NL_B;NL_F;offshore
NL_B-UK_B;140.44285920404985;0;5;NL_B;UK_B;offshore
NL_B-UK_F;112.58575899639204;0;5;NL_B;UK_F;offshore
NL_B-UK_G;31.19886292756538;0;5;NL_B;UK_G;offshore
NL_C-UK_H;69.30336175240272;0;5;NL_C;UK_H;offshore
NL_D-NL_F;73.44575127987073;0;5;NL_D;NL_F;offshore
NL_E-NL_G;21.097119754041138;0;5;NL_E;NL_G;offshore
NL_F-UK_G;79.3049900482807;0;5;NL_F;UK_G;offshore
NO1-NO_A;288.97528926487826;0;5;NO1;NO_A;offshore
NO1-NO_B;195.96522917596565;0;5;NO1;NO_B;offshore
NO1-NO_C;607.5277942792243;0;5;NO1;NO_C;offshore
NO1-NO_ST1;346.59751342420833;0;5;NO1;NO_ST1;offshore
NO1-NO_ST2;274.42178934785653;0;5;NO1;NO_ST2;offshore
NO_B-NO_C;607.8227819477556;0;5;NO_B;NO_C;offshore
NO_B-NO_ST1;193.16554757802055;0;5;NO_B;NO_ST1;offshore
NO_B-NO_ST2;106.41190331452354;0;5;NO_B;NO_ST2;offshore
NO_C-NO_ST2;541.1274335494566;0;5;NO_C;NO_ST2;offshore
NO_ST1-UK_J;186.31658457171014;0;5;NO_ST1;UK_J;offshore
NO_ST1-UK_L;247.24238035400828;0;5;NO_ST1;UK_L;offshore
NO_ST2-UK_L;184.3994416118671;0;5;NO_ST2;UK_L;offshore
UK1-UK2;262.6570241046298;0;5;UK1;UK2;onshore
UK1-UK3;594.389801132163;0;5;UK1;UK3;onshore
UK1-UK4;218.70677232856573;0;5;UK1;UK4;onshore
UK1-UK_B;157.3484348213974;0;5;UK1;UK_B;offshore
UK1-UK_F;221.03707526279214;0;5;UK1;UK_F;offshore
UK1-UK_H;104.9007896891752;0;5;UK1;UK_H;offshore
UK2-UK3;332.3466308561679;0;5;UK2;UK3;onshore
UK2-UK4;253.7655454348839;0;5;UK2;UK4;onshore
UK2-UK_C;255.91050504941353;0;5;UK2;UK_C;offshore
UK3-UK4;542.5964014148337;0;5;UK3;UK4;onshore
UK3-UK_D;175.349303923687;0;5;UK3;UK_D;offshore
UK3-UK_E;220.33112863901053;0;5;UK3;UK_E;offshore
UK3-UK_K;263.2851813084372;0;5;UK3;UK_K;offshore
UK_B-UK_C;159.3595516134849;0;5;UK_B;UK_C;offshore
UK_B-UK_F;77.56488697482689;0;5;UK_B;UK_F;offshore
UK_B-UK_G;128.6890690702968;0;5;UK_B;UK_G;offshore
UK_C-UK_F;104.53521855594417;0;5;UK_C;UK_F;offshore
UK_D-UK_E;208.29970884631342;0;5;UK_D;UK_E;offshore
UK_D-UK_I;106.30352215975324;0;5;UK_D;UK_I;offshore
UK_E-UK_I;188.62975328023828;0;5;UK_E;UK_I;offshore
UK_E-UK_J;85.041838278968;0;5;UK_E;UK_J;offshore
UK_E-UK_K;155.32579215375893;0;5;UK_E;UK_K;offshore
UK_I-UK_J;159.1993548254274;0;5;UK_I;UK_J;offshore
UK_J-UK_K;225.13454541039803;0;5;UK_J;UK_K;offshore
UK_J-UK_L;224.9692491363668;0;5;UK_J;UK_L;offshore
