LinePyHub;length;s_nom;s_nom_max;node0;node1;LineCountry;Type
;534.222004;0;5;NO1;DE_B;;offshore
;269.4739926;0;5;DE_B;DE3;;offshore
;223.4365296;0;5;DE_B;DE2;;offshore
;154.593998;0;5;DK_A;DK1;;offshore
;269.4739926;0;5;DE_B;DE3;;offshore
;223.4365296;0;5;DE_B;DE2;;offshore
;107.7834359;0;5;NL_A;NL2;;offshore
;136.844945;0;5;NL_A;NL1;;offshore
;142.3220449;0;5;NL_B;NL2;;offshore
;165.6669739;0;5;NL_B;NL1;;offshore
;195.7697549;0;5;BE_A;BE2;;offshore
;157.5301735;0;5;UK_B;UK1;;offshore
;195.0539312;0;5;UK_B;UK2;;offshore
;256.7334302;0;5;UK_C;UK2;;offshore
;220.7530783;0;5;UK_E;UK3;;offshore
;175.9743543;0;5;UK_D;UK3;;offshore
DK1-DK_C;215.04715908573849;0;5;DK1;DK_C;DK-DK;offshore
DK_A-DK_C;63.65658447506351;0;5;DK_A;DK_C;DK-DK;offshore
DK_B-DK_C;90.14820150157921;0;5;DK_B;DK_C;DK-DK;offshore
DK_C-DK_ST1;121.0087647705363;0;5;DK_C;DK_ST1;DK-DK;offshore
DE_F-DK_C;131.29671988350114;0;5;DE_F;DK_C;DE-DK;offshore
DE_G-DK_C;140.42645904112595;0;5;DE_G;DK_C;DE-DK;offshore
DK1-DK_ST1;335.98405584430907;0;5;DK1;DK_ST1;DK-DK;offshore
DE_I-DK_ST1;89.76595155620544;0;5;DE_I;DK_ST1;DE-DK;offshore
DK_ST1-NO_A;98.73523543366473;0;5;DK_ST1;NO_A;DK-NO;offshore
DE_H-DK_ST1;134.92658695443507;0;5;DE_H;DK_ST1;DE-DK;offshore
DE_G-DK_ST1;182.67252406913036;0;5;DE_G;DK_ST1;DE-DK;offshore
NL2-NL_D;67.13861382850867;0;5;NL2;NL_D;NL-NL;offshore
NL_A-NL_D;52.92690807075863;0;5;NL_A;NL_D;NL-NL;offshore
NL_D-NL_F;73.44575127987073;0;5;NL_D;NL_F;NL-NL;offshore
NL_B-NL_D;85.44444199328477;0;5;NL_B;NL_D;NL-NL;offshore
NL1-NL_D;85.78507418988117;0;5;NL1;NL_D;NL-NL;offshore
NL2-NL_F;107.78595803866843;0;5;NL2;NL_F;NL-NL;offshore
NL_A-NL_F;35.40276412618469;0;5;NL_A;NL_F;NL-NL;offshore
NL_B-NL_F;51.29922888254779;0;5;NL_B;NL_F;NL-NL;offshore
NL_F-UK_G;79.3049900482807;0;5;NL_F;UK_G;NL-UK;offshore
NO1-NO_A;288.97528926487826;0;5;NO1;NO_A;NO-NO;offshore
DK_C-NO_A;154.83105130361608;0;5;DK_C;NO_A;DK-NO;offshore
DE_I-NO_A;176.3607739390075;0;5;DE_I;NO_A;DE-NO;offshore
DK_A-NO_A;200.87191788762706;0;5;DK_A;NO_A;DK-NO;offshore
NO_A-NO_ST1;211.98843250476673;0;5;NO_A;NO_ST1;NO-NO;offshore
NO1-NO_B;195.96522917596565;0;5;NO1;NO_B;NO-NO;offshore
NO_B-NO_ST2;106.41190331452354;0;5;NO_B;NO_ST2;NO-NO;offshore
NO_B-NO_ST1;193.16554757802055;0;5;NO_B;NO_ST1;NO-NO;offshore
NO_B-UK_L;252.1928389400526;0;5;NO_B;UK_L;NO-UK;offshore
NO_A-NO_B;270.27870530981914;0;5;NO_A;NO_B;NO-NO;offshore
NO1-NO_D;1564.3392074022572;0;5;NO1;NO_D;NO-NO;offshore
NO_C-NO_D;1033.2290856205768;0;5;NO_C;NO_D;NO-NO;offshore
NO_D-NO_ST2;1569.5350445455329;0;5;NO_D;NO_ST2;NO-NO;offshore
NO_B-NO_D;1622.6895802605804;0;5;NO_B;NO_D;NO-NO;offshore
NO_D-UK_L;1679.2528905126783;0;5;NO_D;UK_L;NO-UK;offshore
NO1-NO_ST1;346.59751342420833;0;5;NO1;NO_ST1;NO-NO;offshore
NO_ST1-UK_J;186.3165845717101;0;5;NO_ST1;UK_J;NO-UK;offshore
NO_ST1-UK_I;203.01751221605494;0;5;NO_ST1;UK_I;NO-UK;offshore
NO_ST1-NO_ST2;245.206998325942;0;5;NO_ST1;NO_ST2;NO-NO;offshore
NO1-NO_ST2;274.42178934785653;0;5;NO1;NO_ST2;NO-NO;offshore
NO_ST2-UK_L;184.3994416118671;0;5;NO_ST2;UK_L;NO-UK;offshore
NO_ST2-UK_J;343.2910677183684;0;5;NO_ST2;UK_J;NO-UK;offshore
UK_B-UK_F;77.56488697482689;0;5;UK_B;UK_F;UK-UK;offshore
UK_B-UK_G;128.6890690702968;0;5;UK_B;UK_G;UK-UK;offshore
NL_B-UK_B;140.44285920404985;0;5;NL_B;UK_B;NL-UK;offshore
UK_B-UK_C;159.3595516134849;0;5;UK_B;UK_C;UK-UK;offshore
UK_C-UK_F;104.53521855594417;0;5;UK_C;UK_F;UK-UK;offshore
DE_I-UK_C;147.23477094588932;0;5;DE_I;UK_C;DE-UK;offshore
DE_H-UK_C;197.5668352188518;0;5;DE_H;UK_C;DE-UK;offshore
NL_B-UK_C;207.19703320954946;0;5;NL_B;UK_C;NL-UK;offshore
UK_E-UK_J;85.041838278968;0;5;UK_E;UK_J;UK-UK;offshore
UK_E-UK_K;155.32579215375893;0;5;UK_E;UK_K;UK-UK;offshore
UK_E-UK_I;188.62975328023828;0;5;UK_E;UK_I;UK-UK;offshore
UK_D-UK_E;208.29970884631342;0;5;UK_D;UK_E;UK-UK;offshore
UK1-UK_F;221.03707526279214;0;5;UK1;UK_F;UK-UK;offshore
NL_B-UK_F;112.58575899639204;0;5;NL_B;UK_F;NL-UK;offshore
UK_F-UK_G;119.56983069333128;0;5;UK_F;UK_G;UK-UK;offshore
NL_F-UK_F;143.80179088651008;0;5;NL_F;UK_F;NL-UK;offshore
NL2-UK_G;154.0673491033546;0;5;NL2;UK_G;NL-UK;offshore
NL_B-UK_G;31.19886292756538;0;5;NL_B;UK_G;NL-UK;offshore
NL_A-UK_G;51.67289745010372;0;5;NL_A;UK_G;NL-UK;offshore
NL_D-UK_G;90.01956259650383;0;5;NL_D;UK_G;NL-UK;offshore
UK_G-UK_H;97.75218273085069;0;5;UK_G;UK_H;UK-UK;offshore
UK1-UK_H;104.9007896891752;0;5;UK1;UK_H;UK-UK;offshore
NL_C-UK_H;69.30336175240272;0;5;NL_C;UK_H;NL-UK;offshore
BE_A-UK_H;69.94423111699726;0;5;BE_A;UK_H;BE-UK;offshore
BE_B-UK_H;71.47047567773986;0;5;BE_B;UK_H;BE-UK;offshore
NL4-NL_D;142.0949417625742;0;5;NL4;NL_D;NL-NL;offshore
UK4-UK_B;310.54573629040857;0;5;UK4;UK_B;UK-UK;offshore
DE1-NL_D;238.29401564985304;0;5;DE1;NL_D;DE-NL;offshore
BE1-UK_H;134.82462940983032;0;5;BE1;UK_H;BE-UK;offshore
DE4-NL_D;512.5447010654591;0;5;DE4;NL_D;DE-NL;offshore
BE2-NL_D;221.6052557100271;0;5;BE2;NL_D;BE-NL;offshore
DE3-DK_C;351.87809568321404;0;5;DE3;DK_C;DE-DK;offshore
NL3-NL_F;148.37683909417623;0;5;NL3;NL_F;NL-NL;offshore
DE2-NL_F;259.44198078512983;0;5;DE2;NL_F;DE-NL;offshore
